Feature,Chi2 Score
thal_7.0,42.958359766220795
cp_4,42.41009661782769
exang_1,38.05261289859465
ca,28.038393748052155
cp_3,21.55110851761019
slope_2,20.62415994034042
cp_2,15.646366906474817
oldpeak,11.38266929358615
sex_1,7.432845483026321
restecg_2,3.9878451885821633
thal_6.0,3.133970872082821
thalach,2.6706375503789954
restecg_1,1.3665665028952447
slope_3,1.0738914095204666
age,1.0058960735774278
trestbps,0.5326473185196346
fbs_1,0.1646692402175821
chol,0.11107876013060003
